﻿Designator,Part Number,Quantity,Description,Manufacturer
"C1,C2",TAJB226K016RNJ,2,22uf Case B Tantalum capacitor,AVX
C3.C4.C5.C6.C7,C0603C104M5REC7411,5,0.1uf 0603 MLCC,KEMET
"C8,C9,C10,C11",F930J227KBA,4,220uf Case B Tantalum capacitor,AVX
"R1,R2,R12,R13,R14",RK73H1JTTD2201F,5,2.2k ohm 0603 resistor,KOA Speer
"R3,R4",RK73H1JTTD1801F,2,1.8k ohm 0603 resistor,KOA Speer
R5,RK73H1JTTD2701F,1,2.7k ohm 0603 resistor,KOA Speer
R6,RK73H1JTTD1500F,1,150 ohm 0603 resistor,KOA Speer
R7,RK73H1JTTD47R0F,1,47 ohm 0603 resistor,KOA Speer
"R8,R16,R17,R18",RK73H1JTTD75R0F,4,75 ohm 0603 resistor,KOA Speer
"R9,R10,R11",RK73H1JTTD9101F,3,9.1k ohm 0603 resistor,KOA Speer
R15,RK73H1JTTD4701F,1,4.7k ohm 0603 resistor,KOA Speer
R19,RK73H1JTTD1001F,1,1k ohm 0603 resistor,KOA Speer
U1,SN74LS86ADR,1,Quad 2-input XOR Logic Gates,Texas Instruments
U2,THS7374IPWR,1,THS7374 Video Amplifier,Texas Instruments
"T1,T2",MMBT3904LT1G,2,2N3904 SOT-23 transitor,ON Semiconductor
"R20,R21,R22",RK73H1JTTD5601F,3,5.6k ohm 0603 resistor,KOA Speer
